from_stop_id,to_stop_id,from_route_id,to_route_id,transfer_type,min_transfer_time
KGWA_PF1,KGWA_PF3,PURPLE,GREEN,2,60
KGWA_PF1,KGWA_PF4,PURPLE,GREEN,2,60
KGWA_PF2,KGWA_PF3,PURPLE,GREEN,2,60
KGWA_PF2,KGWA_PF4,PURPLE,GREEN,2,60
KGWA_PF3,KGWA_PF1,GREEN,PURPLE,2,60
KGWA_PF3,KGWA_PF2,GREEN,PURPLE,2,60
KGWA_PF4,KGWA_PF1,GREEN,PURPLE,2,60
KGWA_PF4,KGWA_PF2,GREEN,PURPLE,2,60
RVR_PF1,RVR_PF3,GREEN,YELLOW,2,60
RVR_PF1,RVR_PF4,GREEN,YELLOW,2,60
RVR_PF2,RVR_PF3,GREEN,YELLOW,2,60
RVR_PF2,RVR_PF4,GREEN,YELLOW,2,60
RVR_PF3,RVR_PF1,YELLOW,GREEN,2,60
RVR_PF3,RVR_PF2,YELLOW,GREEN,2,60
RVR_PF4,RVR_PF1,YELLOW,GREEN,2,60
RVR_PF4,RVR_PF2,YELLOW,GREEN,2,60
