from_station_code,from_station_name,to_station_code,to_station_name,line,line_color,from_sequence,to_sequence,from_latitude,from_longitude,to_latitude,to_longitude,distance_km,from_is_interchange,to_is_interchange
MDVA,Madavara,CKBL,Chikkabidarakallu,Green Line,#16A34A,1,2,13.057305736540789,77.47284456336152,13.05234892972687,77.48782081719257,1.71,0,0
CKBL,Chikkabidarakallu,MDVA,Madavara,Green Line,#16A34A,2,1,13.05234892972687,77.48782081719257,13.057305736540789,77.47284456336152,1.71,0,0
CKBL,Chikkabidarakallu,MJNN,Manjunath Nagar,Green Line,#16A34A,2,3,13.05234892972687,77.48782081719257,13.050309930658864,77.49435262940555,0.74,0,0
MJNN,Manjunath Nagar,CKBL,Chikkabidarakallu,Green Line,#16A34A,3,2,13.050309930658864,77.49435262940555,13.05234892972687,77.48782081719257,0.74,0,0
MJNN,Manjunath Nagar,NGSA,Nagasandra,Green Line,#16A34A,3,4,13.050309930658864,77.49435262940555,13.048235759250636,77.50016269407276,0.67,0,0
NGSA,Nagasandra,MJNN,Manjunath Nagar,Green Line,#16A34A,4,3,13.048235759250636,77.50016269407276,13.050309930658864,77.49435262940555,0.67,0,0
NGSA,Nagasandra,DSH,Dasarahalli,Green Line,#16A34A,4,5,13.048235759250636,77.50016269407276,13.043630333265105,77.51232413414971,1.41,0,0
DSH,Dasarahalli,NGSA,Nagasandra,Green Line,#16A34A,5,4,13.043630333265105,77.51232413414971,13.048235759250636,77.50016269407276,1.41,0,0
DSH,Dasarahalli,JLHL,Jalahalli,Green Line,#16A34A,5,6,13.043630333265105,77.51232413414971,13.03983342913749,77.51993856672597,0.93,0,0
JLHL,Jalahalli,DSH,Dasarahalli,Green Line,#16A34A,6,5,13.03983342913749,77.51993856672597,13.043630333265105,77.51232413414971,0.93,0,0
JLHL,Jalahalli,PYID,Peenya Industry,Green Line,#16A34A,6,7,13.03983342913749,77.51993856672597,13.036458354217274,77.52527949619382,0.69,0,0
PYID,Peenya Industry,JLHL,Jalahalli,Green Line,#16A34A,7,6,13.036458354217274,77.52527949619382,13.03983342913749,77.51993856672597,0.69,0,0
PYID,Peenya Industry,PEYA,Peenya,Green Line,#16A34A,7,8,13.036458354217274,77.52527949619382,13.033118391115892,77.53332697706826,0.95,0,0
PEYA,Peenya,PYID,Peenya Industry,Green Line,#16A34A,8,7,13.033118391115892,77.53332697706826,13.036458354217274,77.52527949619382,0.95,0,0
PEYA,Peenya,YPI,Goraguntepalya,Green Line,#16A34A,8,9,13.033118391115892,77.53332697706826,13.028301733390634,77.54083314756997,0.97,0,0
YPI,Goraguntepalya,PEYA,Peenya,Green Line,#16A34A,9,8,13.028301733390634,77.54083314756997,13.033118391115892,77.53332697706826,0.97,0,0
YPI,Goraguntepalya,YPM,Yeshwanthpur,Green Line,#16A34A,9,10,13.028301733390634,77.54083314756997,13.023274026904948,77.54978281301821,1.12,0,0
YPM,Yeshwanthpur,YPI,Goraguntepalya,Green Line,#16A34A,10,9,13.023274026904948,77.54978281301821,13.028301733390634,77.54083314756997,1.12,0,0
YPM,Yeshwanthpur,SSFY,Sandal Soap Factory,Green Line,#16A34A,10,11,13.023274026904948,77.54978281301821,13.014730208261136,77.55393285920906,1.05,0,0
SSFY,Sandal Soap Factory,YPM,Yeshwanthpur,Green Line,#16A34A,11,10,13.014730208261136,77.55393285920906,13.023274026904948,77.54978281301821,1.05,0,0
SSFY,Sandal Soap Factory,MHLI,Mahalakshmi,Green Line,#16A34A,11,12,13.014730208261136,77.55393285920906,13.00826061879318,77.5490249784964,0.89,0,0
MHLI,Mahalakshmi,SSFY,Sandal Soap Factory,Green Line,#16A34A,12,11,13.00826061879318,77.5490249784964,13.014730208261136,77.55393285920906,0.89,0,0
MHLI,Mahalakshmi,RJNR,Rajajinagar,Green Line,#16A34A,12,13,13.00826061879318,77.5490249784964,13.000384368675546,77.54978281307997,0.88,0,0
RJNR,Rajajinagar,MHLI,Mahalakshmi,Green Line,#16A34A,13,12,13.000384368675546,77.54978281307997,13.00826061879318,77.5490249784964,0.88,0,0
RJNR,Rajajinagar,KVPR,Mahakavi Kuvempu Road,Green Line,#16A34A,13,14,13.000384368675546,77.54978281307997,12.99841526717467,77.55678376056714,0.79,0,0
KVPR,Mahakavi Kuvempu Road,RJNR,Rajajinagar,Green Line,#16A34A,14,13,12.99841526717467,77.55678376056714,13.000384368675546,77.54978281307997,0.79,0,0
KVPR,Mahakavi Kuvempu Road,SPRU,Srirampura,Green Line,#16A34A,14,15,12.99841526717467,77.55678376056714,12.996621964716017,77.56342383447252,0.75,0,0
SPRU,Srirampura,KVPR,Mahakavi Kuvempu Road,Green Line,#16A34A,15,14,12.996621964716017,77.56342383447252,12.99841526717467,77.55678376056714,0.75,0,0
SPRU,Srirampura,SPGD,Mantri Square Sampige Road,Green Line,#16A34A,15,16,12.996621964716017,77.56342383447252,12.990327721922888,77.57064130660565,1.05,0,0
SPGD,Mantri Square Sampige Road,SPRU,Srirampura,Green Line,#16A34A,16,15,12.990327721922888,77.57064130660565,12.996621964716017,77.56342383447252,1.05,0,0
SPGD,Mantri Square Sampige Road,KGWA,Nadaprabhu Kempegowda Station Majestic,Green Line,#16A34A,16,17,12.990327721922888,77.57064130660565,12.975663979752854,77.5726621986638,1.65,0,1
KGWA,Nadaprabhu Kempegowda Station Majestic,SPGD,Mantri Square Sampige Road,Green Line,#16A34A,17,16,12.975663979752854,77.5726621986638,12.990327721922888,77.57064130660565,1.65,1,0
KGWA,Nadaprabhu Kempegowda Station Majestic,CKPE,Chickpete,Green Line,#16A34A,17,18,12.975663979752854,77.5726621986638,12.96749193240936,77.5746295664002,0.93,1,0
CKPE,Chickpete,KGWA,Nadaprabhu Kempegowda Station Majestic,Green Line,#16A34A,18,17,12.96749193240936,77.5746295664002,12.975663979752854,77.5726621986638,0.93,0,1
CKPE,Chickpete,KRMT,Krishna Rajendra Market,Green Line,#16A34A,18,19,12.96749193240936,77.5746295664002,12.959932294022249,77.5744764607061,0.84,0,0
KRMT,Krishna Rajendra Market,CKPE,Chickpete,Green Line,#16A34A,19,18,12.959932294022249,77.5744764607061,12.96749193240936,77.5746295664002,0.84,0,0
KRMT,Krishna Rajendra Market,NLC,National College,Green Line,#16A34A,19,20,12.959932294022249,77.5744764607061,12.950631634525797,77.57360886177281,1.04,0,0
NLC,National College,KRMT,Krishna Rajendra Market,Green Line,#16A34A,20,19,12.950631634525797,77.57360886177281,12.959932294022249,77.5744764607061,1.04,0,0
NLC,National College,LBGH,Lalbagh,Green Line,#16A34A,20,21,12.950631634525797,77.57360886177281,12.946254732955982,77.57978412485568,0.83,0,0
LBGH,Lalbagh,NLC,National College,Green Line,#16A34A,21,20,12.946254732955982,77.57978412485568,12.950631634525797,77.57360886177281,0.83,0,0
LBGH,Lalbagh,SECE,South End Circle,Green Line,#16A34A,21,22,12.946254732955982,77.57978412485568,12.938445752632331,77.57998826578115,0.87,0,0
SECE,South End Circle,LBGH,Lalbagh,Green Line,#16A34A,22,21,12.938445752632331,77.57998826578115,12.946254732955982,77.57978412485568,0.87,0,0
SECE,South End Circle,JYN,Jayanagar,Green Line,#16A34A,22,23,12.938445752632331,77.57998826578115,12.929840669497285,77.57988619531841,0.96,0,0
JYN,Jayanagar,SECE,South End Circle,Green Line,#16A34A,23,22,12.929840669497285,77.57988619531841,12.938445752632331,77.57998826578115,0.96,0,0
JYN,Jayanagar,RVR,Rashtreeya Vidyalaya Road,Green Line,#16A34A,23,24,12.929840669497285,77.57988619531841,12.921682975119769,77.58034551212715,0.92,0,1
RVR,Rashtreeya Vidyalaya Road,JYN,Jayanagar,Green Line,#16A34A,24,23,12.921682975119769,77.58034551212715,12.929840669497285,77.57988619531841,0.92,1,0
RVR,Rashtreeya Vidyalaya Road,BSNK,Banashankari,Green Line,#16A34A,24,25,12.921682975119769,77.58034551212715,12.915614273931768,77.57350679112355,1.0,1,0
BSNK,Banashankari,RVR,Rashtreeya Vidyalaya Road,Green Line,#16A34A,25,24,12.915614273931768,77.57350679112355,12.921682975119769,77.58034551212715,1.0,0,1
BSNK,Banashankari,JPN,Jayaprakash Nagar,Green Line,#16A34A,25,26,12.915614273931768,77.57350679112355,12.907754589398724,77.57294540357847,0.88,0,0
JPN,Jayaprakash Nagar,BSNK,Banashankari,Green Line,#16A34A,26,25,12.907754589398724,77.57294540357847,12.915614273931768,77.57350679112355,0.88,0,0
JPN,Jayaprakash Nagar,PUTH,Yelachenahalli,Green Line,#16A34A,26,27,12.907754589398724,77.57294540357847,12.896263086955518,77.56998536015898,1.32,0,0
PUTH,Yelachenahalli,JPN,Jayaprakash Nagar,Green Line,#16A34A,27,26,12.896263086955518,77.56998536015898,12.907754589398724,77.57294540357847,1.32,0,0
PUTH,Yelachenahalli,APRC,Konanakunte Cross,Green Line,#16A34A,27,28,12.896263086955518,77.56998536015898,12.8888007892414,77.56253421589349,1.16,0,0
APRC,Konanakunte Cross,PUTH,Yelachenahalli,Green Line,#16A34A,28,27,12.8888007892414,77.56253421589349,12.896263086955518,77.56998536015898,1.16,0,0
APRC,Konanakunte Cross,KLPK,Doddakallasandra,Green Line,#16A34A,28,29,12.8888007892414,77.56253421589349,12.884671555869152,77.55283752193314,1.15,0,0
KLPK,Doddakallasandra,APRC,Konanakunte Cross,Green Line,#16A34A,29,28,12.884671555869152,77.55283752193314,12.8888007892414,77.56253421589349,1.15,0,0
KLPK,Doddakallasandra,VJRH,Vajarahalli,Green Line,#16A34A,29,30,12.884671555869152,77.55283752193314,12.877208913252554,77.54462084968253,1.22,0,0
VJRH,Vajarahalli,KLPK,Doddakallasandra,Green Line,#16A34A,30,29,12.877208913252554,77.54462084968253,12.884671555869152,77.55283752193314,1.22,0,0
VJRH,Vajarahalli,TGTP,Thalaghattapura,Green Line,#16A34A,30,31,12.877208913252554,77.54462084968253,12.87128839172768,77.53829248045223,0.95,0,0
TGTP,Thalaghattapura,VJRH,Vajarahalli,Green Line,#16A34A,31,30,12.87128839172768,77.53829248045223,12.877208913252554,77.54462084968253,0.95,0,0
TGTP,Thalaghattapura,APTS,Silk Institute,Green Line,#16A34A,31,32,12.87128839172768,77.53829248045223,12.86188492365142,77.5299227025075,1.38,0,0
APTS,Silk Institute,TGTP,Thalaghattapura,Green Line,#16A34A,32,31,12.86188492365142,77.5299227025075,12.87128839172768,77.53829248045223,1.38,0,0
WHTM,Whitefield (Kadugodi),UWVL,Hopefarm Channasandra,Purple Line,#7E22CE,1,2,12.995699152518254,77.75773036744444,12.987287989039856,77.75362905487141,1.04,0,0
UWVL,Hopefarm Channasandra,WHTM,Whitefield (Kadugodi),Purple Line,#7E22CE,2,1,12.987287989039856,77.75362905487141,12.995699152518254,77.75773036744444,1.04,0,0
UWVL,Hopefarm Channasandra,KDGD,Kadugodi Tree Park,Purple Line,#7E22CE,2,3,12.987287989039856,77.75362905487141,12.98564895914214,77.74649441242647,0.79,0,0
KDGD,Kadugodi Tree Park,UWVL,Hopefarm Channasandra,Purple Line,#7E22CE,3,2,12.98564895914214,77.74649441242647,12.987287989039856,77.75362905487141,0.79,0,0
KDGD,Kadugodi Tree Park,ITPL,Pattandur Agrahara,Purple Line,#7E22CE,3,4,12.98564895914214,77.74649441242647,12.987593481259813,77.73773968216156,0.97,0,0
ITPL,Pattandur Agrahara,KDGD,Kadugodi Tree Park,Purple Line,#7E22CE,4,3,12.987593481259813,77.73773968216156,12.98564895914214,77.74649441242647,0.97,0,0
ITPL,Pattandur Agrahara,SSHP,Sri Sathya Sai Hospital,Purple Line,#7E22CE,4,5,12.987593481259813,77.73773968216156,12.981163954989556,77.72734344000298,1.33,0,0
SSHP,Sri Sathya Sai Hospital,ITPL,Pattandur Agrahara,Purple Line,#7E22CE,5,4,12.981163954989556,77.72734344000298,12.987593481259813,77.73773968216156,1.33,0,0
SSHP,Sri Sathya Sai Hospital,VDHP,Nallurhalli,Purple Line,#7E22CE,5,6,12.981163954989556,77.72734344000298,12.976589596333106,77.72466078005057,0.59,0,0
VDHP,Nallurhalli,SSHP,Sri Sathya Sai Hospital,Purple Line,#7E22CE,6,5,12.976589596333106,77.72466078005057,12.981163954989556,77.72734344000298,0.59,0,0
VDHP,Nallurhalli,KDNH,Kundalahalli,Purple Line,#7E22CE,6,7,12.976589596333106,77.72466078005057,12.97765359829927,77.71557999573454,0.99,0,0
KDNH,Kundalahalli,VDHP,Nallurhalli,Purple Line,#7E22CE,7,6,12.97765359829927,77.71557999573454,12.976589596333106,77.72466078005057,0.99,0,0
KDNH,Kundalahalli,VWIA,Seetharampalya,Purple Line,#7E22CE,7,8,12.97765359829927,77.71557999573454,12.981166385300815,77.70869208296683,0.84,0,0
VWIA,Seetharampalya,KDNH,Kundalahalli,Purple Line,#7E22CE,8,7,12.981166385300815,77.70869208296683,12.97765359829927,77.71557999573454,0.84,0,0
VWIA,Seetharampalya,DKIA,Hoodi,Purple Line,#7E22CE,8,9,12.981166385300815,77.70869208296683,12.988860888190697,77.7112455459338,0.9,0,0
DKIA,Hoodi,VWIA,Seetharampalya,Purple Line,#7E22CE,9,8,12.988860888190697,77.7112455459338,12.981166385300815,77.70869208296683,0.9,0,0
DKIA,Hoodi,GDCP,Garudacharapalya,Purple Line,#7E22CE,9,10,12.988860888190697,77.7112455459338,12.99356529018332,77.7035422416802,0.99,0,0
GDCP,Garudacharapalya,DKIA,Hoodi,Purple Line,#7E22CE,10,9,12.99356529018332,77.7035422416802,12.988860888190697,77.7112455459338,0.99,0,0
GDCP,Garudacharapalya,MDVP,Singayyanapalya,Purple Line,#7E22CE,10,11,12.99356529018332,77.7035422416802,12.996617876714645,77.6923627944993,1.26,0,0
MDVP,Singayyanapalya,GDCP,Garudacharapalya,Purple Line,#7E22CE,11,10,12.996617876714645,77.6923627944993,12.99356529018332,77.7035422416802,1.26,0,0
MDVP,Singayyanapalya,KRAM,Krishnarajapura,Purple Line,#7E22CE,11,12,12.996617876714645,77.6923627944993,13.000109487878468,77.67762137374501,1.64,0,0
KRAM,Krishnarajapura,MDVP,Singayyanapalya,Purple Line,#7E22CE,12,11,13.000109487878468,77.67762137374501,12.996617876714645,77.6923627944993,1.64,0,0
KRAM,Krishnarajapura,BENN,Benniganahalli,Purple Line,#7E22CE,12,13,13.000109487878468,77.67762137374501,12.996387888661094,77.66817999804127,1.1,0,0
BENN,Benniganahalli,KRAM,Krishnarajapura,Purple Line,#7E22CE,13,12,12.996387888661094,77.66817999804127,13.000109487878468,77.67762137374501,1.1,0,0
BENN,Benniganahalli,BYPL,Baiyappanahalli,Purple Line,#7E22CE,13,14,12.996387888661094,77.66817999804127,12.990554483212534,77.65285922011995,1.78,0,0
BYPL,Baiyappanahalli,BENN,Benniganahalli,Purple Line,#7E22CE,14,13,12.990554483212534,77.65285922011995,12.996387888661094,77.66817999804127,1.78,0,0
BYPL,Baiyappanahalli,SVRD,Swami Vivekananda Road,Purple Line,#7E22CE,14,15,12.990554483212534,77.65285922011995,12.986017295357373,77.64481259306632,1.01,0,0
SVRD,Swami Vivekananda Road,BYPL,Baiyappanahalli,Purple Line,#7E22CE,15,14,12.986017295357373,77.64481259306632,12.990554483212534,77.65285922011995,1.01,0,0
SVRD,Swami Vivekananda Road,IDN,Indiranagar,Purple Line,#7E22CE,15,16,12.986017295357373,77.64481259306632,12.97817633767371,77.63833237615901,1.12,0,0
IDN,Indiranagar,SVRD,Swami Vivekananda Road,Purple Line,#7E22CE,16,15,12.97817633767371,77.63833237615901,12.986017295357373,77.64481259306632,1.12,0,0
IDN,Indiranagar,HLRU,Halasuru,Purple Line,#7E22CE,16,17,12.97817633767371,77.63833237615901,12.976461748613309,77.62599421470517,1.35,0,0
HLRU,Halasuru,IDN,Indiranagar,Purple Line,#7E22CE,17,16,12.976461748613309,77.62599421470517,12.97817633767371,77.63833237615901,1.35,0,0
HLRU,Halasuru,TTY,Trinity,Purple Line,#7E22CE,17,18,12.976461748613309,77.62599421470517,12.972943850856076,77.61671304691595,1.08,0,0
KGWA,Nadaprabhu Kempegowda Station Majestic,VSWA,Sir M Visvesvaraya Central College,Purple Line,#7E22CE,17,22,12.975663979752854,77.5726621986638,12.974168198886217,77.5842874291484,1.27,1,0
TTY,Trinity,HLRU,Halasuru,Purple Line,#7E22CE,18,17,12.972943850856076,77.61671304691595,12.976461748613309,77.62599421470517,1.08,0,0
TTY,Trinity,MAGR,Mahatma Gandhi Road,Purple Line,#7E22CE,18,19,12.972943850856076,77.61671304691595,12.975662134700336,77.60675668731423,1.12,0,0
MAGR,Mahatma Gandhi Road,TTY,Trinity,Purple Line,#7E22CE,19,18,12.975662134700336,77.60675668731423,12.972943850856076,77.61671304691595,1.12,0,0
MAGR,Mahatma Gandhi Road,CBPK,Cubbon Park,Purple Line,#7E22CE,19,20,12.975662134700336,77.60675668731423,12.980973157500646,77.59731531148601,1.18,0,0
CBPK,Cubbon Park,MAGR,Mahatma Gandhi Road,Purple Line,#7E22CE,20,19,12.980973157500646,77.59731531148601,12.975662134700336,77.60675668731423,1.18,0,0
CBPK,Cubbon Park,VDSA,Dr B R Ambedkar Station Vidhana Soudha,Purple Line,#7E22CE,20,21,12.980973157500646,77.59731531148601,12.979864961313217,77.59272336959114,0.51,0,0
VDSA,Dr B R Ambedkar Station Vidhana Soudha,CBPK,Cubbon Park,Purple Line,#7E22CE,21,20,12.979864961313217,77.59272336959114,12.980973157500646,77.59731531148601,0.51,0,0
VDSA,Dr B R Ambedkar Station Vidhana Soudha,VSWA,Sir M Visvesvaraya Central College,Purple Line,#7E22CE,21,22,12.979864961313217,77.59272336959114,12.974168198886217,77.5842874291484,1.11,0,0
VSWA,Sir M Visvesvaraya Central College,KGWA,Nadaprabhu Kempegowda Station Majestic,Purple Line,#7E22CE,22,17,12.974168198886217,77.5842874291484,12.975663979752854,77.5726621986638,1.27,0,1
VSWA,Sir M Visvesvaraya Central College,VDSA,Dr B R Ambedkar Station Vidhana Soudha,Purple Line,#7E22CE,22,21,12.974168198886217,77.5842874291484,12.979864961313217,77.59272336959114,1.11,0,0
KGWA,Nadaprabhu Kempegowda Station Majestic,SRCS,Krantivira Sangolli Rayanna Railway Station,Purple Line,#7E22CE,23,24,12.975590067133442,77.57312943953711,12.976008262131824,77.56583383120827,0.79,1,0
SRCS,Krantivira Sangolli Rayanna Railway Station,KGWA,Nadaprabhu Kempegowda Station Majestic,Purple Line,#7E22CE,24,23,12.976008262131824,77.56583383120827,12.975590067133442,77.57312943953711,0.79,0,1
SRCS,Krantivira Sangolli Rayanna Railway Station,MIRD,Magadi Road,Purple Line,#7E22CE,24,25,12.976008262131824,77.56583383120827,12.975506428040612,77.55544831758021,1.13,0,0
MIRD,Magadi Road,SRCS,Krantivira Sangolli Rayanna Railway Station,Purple Line,#7E22CE,25,24,12.975506428040612,77.55544831758021,12.976008262131824,77.56583383120827,1.13,0,0
MIRD,Magadi Road,HSLI,Sri Balagangadharanatha Swamiji Hosahalli,Purple Line,#7E22CE,25,26,12.975506428040612,77.55544831758021,12.97412637909184,77.5451915505767,1.12,0,0
HSLI,Sri Balagangadharanatha Swamiji Hosahalli,MIRD,Magadi Road,Purple Line,#7E22CE,26,25,12.97412637909184,77.5451915505767,12.975506428040612,77.55544831758021,1.12,0,0
HSLI,Sri Balagangadharanatha Swamiji Hosahalli,VJN,Vijayanagar,Purple Line,#7E22CE,26,27,12.97412637909184,77.5451915505767,12.970906235005108,77.53720929635566,0.94,0,0
VJN,Vijayanagar,HSLI,Sri Balagangadharanatha Swamiji Hosahalli,Purple Line,#7E22CE,27,26,12.970906235005108,77.53720929635566,12.97412637909184,77.5451915505767,0.94,0,0
VJN,Vijayanagar,AGPP,Attiguppe,Purple Line,#7E22CE,27,28,12.970906235005108,77.53720929635566,12.96191470293618,77.53394773016198,1.06,0,0
AGPP,Attiguppe,VJN,Vijayanagar,Purple Line,#7E22CE,28,27,12.96191470293618,77.53394773016198,12.970906235005108,77.53720929635566,1.06,0,0
AGPP,Attiguppe,DJNR,Deepanjali Nagar,Purple Line,#7E22CE,28,29,12.96191470293618,77.53394773016198,12.95208637780934,77.53682305815943,1.14,0,0
DJNR,Deepanjali Nagar,AGPP,Attiguppe,Purple Line,#7E22CE,29,28,12.95208637780934,77.53682305815943,12.96191470293618,77.53394773016198,1.14,0,0
DJNR,Deepanjali Nagar,MYRD,Mysuru Road,Purple Line,#7E22CE,29,30,12.95208637780934,77.53682305815943,12.946858387418128,77.52982785723236,0.96,0,0
MYRD,Mysuru Road,DJNR,Deepanjali Nagar,Purple Line,#7E22CE,30,29,12.946858387418128,77.52982785723236,12.95208637780934,77.53682305815943,0.96,0,0
MYRD,Mysuru Road,NYHM,Pantharapalya Nayandahalli,Purple Line,#7E22CE,30,31,12.946858387418128,77.52982785723236,12.941797588038318,77.5234763861701,0.89,0,0
NYHM,Pantharapalya Nayandahalli,MYRD,Mysuru Road,Purple Line,#7E22CE,31,30,12.941797588038318,77.5234763861701,12.946858387418128,77.52982785723236,0.89,0,0
NYHM,Pantharapalya Nayandahalli,RRRN,Rajarajeshwari Nagar,Purple Line,#7E22CE,31,32,12.941797588038318,77.5234763861701,12.936694859971253,77.51918485144977,0.73,0,0
RRRN,Rajarajeshwari Nagar,NYHM,Pantharapalya Nayandahalli,Purple Line,#7E22CE,32,31,12.936694859971253,77.51918485144977,12.941797588038318,77.5234763861701,0.73,0,0
RRRN,Rajarajeshwari Nagar,BGUC,Jnanabharathi,Purple Line,#7E22CE,32,33,12.936694859971253,77.51918485144977,12.935314595948553,77.51094510557249,0.91,0,0
BGUC,Jnanabharathi,RRRN,Rajarajeshwari Nagar,Purple Line,#7E22CE,33,32,12.935314595948553,77.51094510557249,12.936694859971253,77.51918485144977,0.91,0,0
BGUC,Jnanabharathi,PATG,Pattanagere,Purple Line,#7E22CE,33,34,12.935314595948553,77.51094510557249,12.924230380486732,77.49824216370163,1.85,0,0
PATG,Pattanagere,BGUC,Jnanabharathi,Purple Line,#7E22CE,34,33,12.924230380486732,77.49824216370163,12.935314595948553,77.51094510557249,1.85,0,0
PATG,Pattanagere,MLSD,Kengeri Bus Terminal,Purple Line,#7E22CE,34,35,12.924230380486732,77.49824216370163,12.914693378691132,77.48764207374924,1.56,0,0
MLSD,Kengeri Bus Terminal,PATG,Pattanagere,Purple Line,#7E22CE,35,34,12.914693378691132,77.48764207374924,12.924230380486732,77.49824216370163,1.56,0,0
MLSD,Kengeri Bus Terminal,KGIT,Kengeri,Purple Line,#7E22CE,35,36,12.914693378691132,77.48764207374924,12.908000528414776,77.47635533814359,1.43,0,0
KGIT,Kengeri,MLSD,Kengeri Bus Terminal,Purple Line,#7E22CE,36,35,12.908000528414776,77.47635533814359,12.914693378691132,77.48764207374924,1.43,0,0
KGIT,Kengeri,CHLG,Challaghatta,Purple Line,#7E22CE,36,37,12.908000528414776,77.47635533814359,12.89742972864523,77.46110862473188,2.03,0,0
CHLG,Challaghatta,KGIT,Kengeri,Purple Line,#7E22CE,37,36,12.89742972864523,77.46110862473188,12.908000528414776,77.47635533814359,2.03,0,0
RVR,Rashtreeya Vidyalaya Road,RAGI,Ragigudda,Yellow Line,#CA8A04,1,2,12.921580062175837,77.58030432699523,12.916937044436432,77.58811491944141,0.99,1,0
RAGI,Ragigudda,RVR,Rashtreeya Vidyalaya Road,Yellow Line,#CA8A04,2,1,12.916937044436432,77.58811491944141,12.921580062175837,77.58030432699523,0.99,0,1
RAGI,Ragigudda,JDEV,Jayadeva Hospital,Yellow Line,#CA8A04,2,3,12.916937044436432,77.58811491944141,12.916581494388195,77.59980935088332,1.27,0,0
JDEV,Jayadeva Hospital,RAGI,Ragigudda,Yellow Line,#CA8A04,3,2,12.916581494388195,77.59980935088332,12.916937044436432,77.58811491944141,1.27,0,0
JDEV,Jayadeva Hospital,BTML,BTM Layout,Yellow Line,#CA8A04,3,4,12.916581494388195,77.59980935088332,12.91639326184845,77.60811346997708,0.9,0,0
BTML,BTM Layout,JDEV,Jayadeva Hospital,Yellow Line,#CA8A04,4,3,12.91639326184845,77.60811346997708,12.916581494388195,77.59980935088332,0.9,0,0
BTML,BTM Layout,CSBR,Central Silk Board,Yellow Line,#CA8A04,4,5,12.91639326184845,77.60811346997708,12.916309602901755,77.62040871606416,1.33,0,0
CSBR,Central Silk Board,BTML,BTM Layout,Yellow Line,#CA8A04,5,4,12.916309602901755,77.62040871606416,12.91639326184845,77.60811346997708,1.33,0,0
CSBR,Central Silk Board,BOMN,Bommanahalli,Yellow Line,#CA8A04,5,6,12.916309602901755,77.62040871606416,12.910788050178365,77.6263954066705,0.89,0,0
BOMN,Bommanahalli,CSBR,Central Silk Board,Yellow Line,#CA8A04,6,5,12.910788050178365,77.6263954066705,12.916309602901755,77.62040871606416,0.89,0,0
BOMN,Bommanahalli,HONG,Hongasandra,Yellow Line,#CA8A04,6,7,12.910788050178365,77.6263954066705,12.901564275197902,77.63201731671333,1.19,0,0
HONG,Hongasandra,BOMN,Bommanahalli,Yellow Line,#CA8A04,7,6,12.901564275197902,77.63201731671333,12.910788050178365,77.6263954066705,1.19,0,0
HONG,Hongasandra,KUDG,Kudlu Gate,Yellow Line,#CA8A04,7,8,12.901564275197902,77.63201731671333,12.88995950750853,77.6393915313331,1.52,0,0
KUDG,Kudlu Gate,HONG,Hongasandra,Yellow Line,#CA8A04,8,7,12.88995950750853,77.6393915313331,12.901564275197902,77.63201731671333,1.52,0,0
KUDG,Kudlu Gate,SING,Singasandra,Yellow Line,#CA8A04,8,9,12.88995950750853,77.6393915313331,12.880606490911724,77.64459712493286,1.18,0,0
SING,Singasandra,KUDG,Kudlu Gate,Yellow Line,#CA8A04,9,8,12.880606490911724,77.64459712493286,12.88995950750853,77.6393915313331,1.18,0,0
SING,Singasandra,HSRD,Hosa Road,Yellow Line,#CA8A04,9,10,12.880606490911724,77.64459712493286,12.870954607235095,77.65240551582984,1.37,0,0
HSRD,Hosa Road,SING,Singasandra,Yellow Line,#CA8A04,10,9,12.870954607235095,77.65240551582984,12.880606490911724,77.64459712493286,1.37,0,0
HSRD,Hosa Road,BTAG,Beratena Agrahara,Yellow Line,#CA8A04,10,11,12.870954607235095,77.65240551582984,12.85627706264175,77.66332705534307,2.02,0,0
BTAG,Beratena Agrahara,HSRD,Hosa Road,Yellow Line,#CA8A04,11,10,12.85627706264175,77.66332705534307,12.870954607235095,77.65240551582984,2.02,0,0
BTAG,Beratena Agrahara,ELCT,Electronic City,Yellow Line,#CA8A04,11,12,12.85627706264175,77.66332705534307,12.856540082718247,77.6632844805006,0.03,0,0
ELCT,Electronic City,BTAG,Beratena Agrahara,Yellow Line,#CA8A04,12,11,12.856540082718247,77.6632844805006,12.85627706264175,77.66332705534307,0.03,0,0
ELCT,Electronic City,INFO,Infosys Foundation Konappana Agrahara,Yellow Line,#CA8A04,12,13,12.856540082718247,77.6632844805006,12.846265301448142,77.67111838863734,1.42,0,0
INFO,Infosys Foundation Konappana Agrahara,ELCT,Electronic City,Yellow Line,#CA8A04,13,12,12.846265301448142,77.67111838863734,12.856540082718247,77.6632844805006,1.42,0,0
INFO,Infosys Foundation Konappana Agrahara,HUSK,Huskur Road,Yellow Line,#CA8A04,13,14,12.846265301448142,77.67111838863734,12.838801516419265,77.67744675745203,1.08,0,0
HUSK,Huskur Road,INFO,Infosys Foundation Konappana Agrahara,Yellow Line,#CA8A04,14,13,12.838801516419265,77.67744675745203,12.846265301448142,77.67111838863734,1.08,0,0
HUSK,Huskur Road,BIOC,Biocon Hebbagodi,Yellow Line,#CA8A04,14,15,12.838801516419265,77.67744675745203,12.828710812238963,77.68124042221633,1.2,0,0
BIOC,Biocon Hebbagodi,HUSK,Huskur Road,Yellow Line,#CA8A04,15,14,12.828710812238963,77.68124042221633,12.838801516419265,77.67744675745203,1.2,0,0
BIOC,Biocon Hebbagodi,DELT,Delta Electronics Bommasandra,Yellow Line,#CA8A04,15,16,12.828710812238963,77.68124042221633,12.819554566256349,77.68874260122776,1.3,0,0
DELT,Delta Electronics Bommasandra,BIOC,Biocon Hebbagodi,Yellow Line,#CA8A04,16,15,12.819554566256349,77.68874260122776,12.828710812238963,77.68124042221633,1.3,0,0
