station_code,station_name,line,sequence,is_interchange,latitude,longitude,gtfs_stop_id
WHTM,Whitefield (Kadugodi),Purple Line,1,0,12.995699152518254,77.75773036744444,WHTM
UWVL,Hopefarm Channasandra,Purple Line,2,0,12.987287989039856,77.75362905487141,UWVL
KDGD,Kadugodi Tree Park,Purple Line,3,0,12.98564895914214,77.74649441242647,KDGD
ITPL,Pattandur Agrahara,Purple Line,4,0,12.987593481259813,77.73773968216156,ITPL
SSHP,Sri Sathya Sai Hospital,Purple Line,5,0,12.981163954989556,77.72734344000298,SSHP
VDHP,Nallurhalli,Purple Line,6,0,12.976589596333106,77.72466078005057,
KDNH,Kundalahalli,Purple Line,7,0,12.97765359829927,77.71557999573454,KDNH
VWIA,Seetharampalya,Purple Line,8,0,12.981166385300815,77.70869208296683,VWIA
DKIA,Hoodi,Purple Line,9,0,12.988860888190697,77.7112455459338,DKIA
GDCP,Garudacharapalya,Purple Line,10,0,12.99356529018332,77.7035422416802,
MDVP,Singayyanapalya,Purple Line,11,0,12.996617876714645,77.6923627944993,MDVP
KRAM,Krishnarajapura,Purple Line,12,0,13.000109487878468,77.67762137374501,KRAM
BENN,Benniganahalli,Purple Line,13,0,12.996387888661094,77.66817999804127,JTPM
BYPL,Baiyappanahalli,Purple Line,14,0,12.990554483212534,77.65285922011995,BYPH
SVRD,Swami Vivekananda Road,Purple Line,15,0,12.986017295357373,77.64481259306632,SVRD
IDN,Indiranagar,Purple Line,16,0,12.97817633767371,77.63833237615901,IDN
HLRU,Halasuru,Purple Line,17,0,12.976461748613309,77.62599421470517,HLRU
TTY,Trinity,Purple Line,18,0,12.972943850856076,77.61671304691595,TTY
MAGR,Mahatma Gandhi Road,Purple Line,19,0,12.975662134700336,77.60675668731423,MAGR
CBPK,Cubbon Park,Purple Line,20,0,12.980973157500646,77.59731531148601,CBPK
VDSA,Dr B R Ambedkar Station Vidhana Soudha,Purple Line,21,0,12.979864961313217,77.59272336959114,
VSWA,Sir M Visvesvaraya Central College,Purple Line,22,0,12.974168198886217,77.5842874291484,
KGWA,Nadaprabhu Kempegowda Station Majestic,Purple Line,23,1,12.975590067133442,77.57312943953711,
SRCS,Krantivira Sangolli Rayanna Railway Station,Purple Line,24,0,12.976008262131824,77.56583383120827,BRCS
MIRD,Magadi Road,Purple Line,25,0,12.975506428040612,77.55544831758021,MIRD
HSLI,Sri Balagangadharanatha Swamiji Hosahalli,Purple Line,26,0,12.97412637909184,77.5451915505767,
VJN,Vijayanagar,Purple Line,27,0,12.970906235005108,77.53720929635566,VJN
AGPP,Attiguppe,Purple Line,28,0,12.96191470293618,77.53394773016198,AGPP
DJNR,Deepanjali Nagar,Purple Line,29,0,12.95208637780934,77.53682305815943,DJNR
MYRD,Mysuru Road,Purple Line,30,0,12.946858387418128,77.52982785723236,
NYHM,Pantharapalya Nayandahalli,Purple Line,31,0,12.941797588038318,77.5234763861701,
RRRN,Rajarajeshwari Nagar,Purple Line,32,0,12.936694859971253,77.51918485144977,RRRN
BGUC,Jnanabharathi,Purple Line,33,0,12.935314595948553,77.51094510557249,BGUC
PATG,Pattanagere,Purple Line,34,0,12.924230380486732,77.49824216370163,PATG
MLSD,Kengeri Bus Terminal,Purple Line,35,0,12.914693378691132,77.48764207374924,MLSD
KGIT,Kengeri,Purple Line,36,0,12.908000528414776,77.47635533814359,KGIT
CHLG,Challaghatta,Purple Line,37,0,12.89742972864523,77.46110862473188,CLGA
MDVA,Madavara,Green Line,1,0,13.057305736540789,77.47284456336152,BIET
CKBL,Chikkabidarakallu,Green Line,2,0,13.05234892972687,77.48782081719257,JIDL
MJNN,Manjunath Nagar,Green Line,3,0,13.050309930658864,77.49435262940555,
NGSA,Nagasandra,Green Line,4,0,13.048235759250636,77.50016269407276,NGSA
DSH,Dasarahalli,Green Line,5,0,13.043630333265105,77.51232413414971,DSH
JLHL,Jalahalli,Green Line,6,0,13.03983342913749,77.51993856672597,JLHL
PYID,Peenya Industry,Green Line,7,0,13.036458354217274,77.52527949619382,PYID
PEYA,Peenya,Green Line,8,0,13.033118391115892,77.53332697706826,PEYA
YPI,Goraguntepalya,Green Line,9,0,13.028301733390634,77.54083314756997,YPI
YPM,Yeshwanthpur,Green Line,10,0,13.023274026904948,77.54978281301821,
SSFY,Sandal Soap Factory,Green Line,11,0,13.014730208261136,77.55393285920906,SSFY
MHLI,Mahalakshmi,Green Line,12,0,13.00826061879318,77.5490249784964,MHLI
RJNR,Rajajinagar,Green Line,13,0,13.000384368675546,77.54978281307997,RJNR
KVPR,Mahakavi Kuvempu Road,Green Line,14,0,12.99841526717467,77.55678376056714,KVPR
SPRU,Srirampura,Green Line,15,0,12.996621964716017,77.56342383447252,SPRU
SPGD,Mantri Square Sampige Road,Green Line,16,0,12.990327721922888,77.57064130660565,SPGD
CKPE,Chickpete,Green Line,18,0,12.96749193240936,77.5746295664002,CKPE
KRMT,Krishna Rajendra Market,Green Line,19,0,12.959932294022249,77.5744764607061,KRMT
NLC,National College,Green Line,20,0,12.950631634525797,77.57360886177281,NLC
LBGH,Lalbagh,Green Line,21,0,12.946254732955982,77.57978412485568,LBGH
SECE,South End Circle,Green Line,22,0,12.938445752632331,77.57998826578115,SECE
JYN,Jayanagar,Green Line,23,0,12.929840669497285,77.57988619531841,JYN
RVR,Rashtreeya Vidyalaya Road,Green Line,24,1,12.921682975119769,77.58034551212715,RVR
BSNK,Banashankari,Green Line,25,0,12.915614273931768,77.57350679112355,BSNK
JPN,Jayaprakash Nagar,Green Line,26,0,12.907754589398724,77.57294540357847,
PUTH,Yelachenahalli,Green Line,27,0,12.896263086955518,77.56998536015898,PUTH
APRC,Konanakunte Cross,Green Line,28,0,12.8888007892414,77.56253421589349,APRC
KLPK,Doddakallasandra,Green Line,29,0,12.884671555869152,77.55283752193314,KLPK
VJRH,Vajarahalli,Green Line,30,0,12.877208913252554,77.54462084968253,VJRH
TGTP,Thalaghattapura,Green Line,31,0,12.87128839172768,77.53829248045223,TGTP
APTS,Silk Institute,Green Line,32,0,12.86188492365142,77.5299227025075,APTS
RAGI,Ragigudda,Yellow Line,2,0,12.916937044436432,77.58811491944141,RGDT
JDEV,Jayadeva Hospital,Yellow Line,3,0,12.916581494388195,77.59980935088332,JDHP
BTML,BTM Layout,Yellow Line,4,0,12.91639326184845,77.60811346997708,BTML
CSBR,Central Silk Board,Yellow Line,5,0,12.916309602901755,77.62040871606416,SBJT
BOMN,Bommanahalli,Yellow Line,6,0,12.910788050178365,77.6263954066705,HSRL
HONG,Hongasandra,Yellow Line,7,0,12.901564275197902,77.63201731671333,OFDC
KUDG,Kudlu Gate,Yellow Line,8,0,12.88995950750853,77.6393915313331,MSRN
SING,Singasandra,Yellow Line,9,0,12.880606490911724,77.64459712493286,CKBR
HSRD,Hosa Road,Yellow Line,10,0,12.870954607235095,77.65240551582984,BSRD
BTAG,Beratena Agrahara,Yellow Line,11,0,12.85627706264175,77.66332705534307,HOSR
ELCT,Electronic City,Yellow Line,12,0,12.856540082718247,77.6632844805006,ETCT
INFO,Infosys Foundation Konappana Agrahara,Yellow Line,13,0,12.846265301448142,77.67111838863734,ECTN
HUSK,Huskur Road,Yellow Line,14,0,12.838801516419265,77.67744675745203,HSKR
BIOC,Biocon Hebbagodi,Yellow Line,15,0,12.828710812238963,77.68124042221633,HBGI
DELT,Delta Electronics Bommasandra,Yellow Line,16,0,12.819554566256349,77.68874260122776,BMSD
